objectid,filename,youtubeid,vimeoid,title,occupation,date_lifespan,creator,date_certain,date,description,identifier,subject,location,latitude,longitude,source,type,format,language,rights,rightsstatement
coll0001,FGV_Visitkort_001A.jpg,,,"Toll, Ingrid",,,Fredrique Holmstedt,1894,1894,Ingrid Toll,F1964_2000,,Vadstena,58.4493607,14.89070692,Föreningen Gamla Vadstena,Image;StillImage,image/jpeg,swe,Föreningen Gamla Vadstena,PDM
coll0002,FGV_Visitkort_001B.jpg,,,"Toll, Ingrid",,,Fredrique Holmstedt,1894,1894,Ingrid Toll,F1964_2000,,Vadstena,58.4493607,14.89070692,Föreningen Gamla Vadstena,Image;StillImage,image/jpeg,swe,Föreningen Gamla Vadstena,PDM
coll0003,FGV_Visitkort_002A.jpg,,,"Toll, Sofi",,1850-1915,Anders Andersson,,1877,"Sofi Toll, f. Carlsson",F1964_1999,,Vadstena,58.4493607,14.89070692,Föreningen Gamla Vadstena,Image;StillImage,image/jpeg,swe,Föreningen Gamla Vadstena,PDM
coll0004,FGV_Visitkort_002B.jpg,,,"Toll, Sofi",,1850-1915,Anders Andersson,,1877,"Sofi Toll, f. Carlsson",F1964_1999,,Vadstena,58.4493607,14.89070692,Föreningen Gamla Vadstena,Image;StillImage,image/jpeg,swe,Föreningen Gamla Vadstena,PDM
coll0005,FGV_Visitkort_003A.jpg,,,"Nyberg, Otto V.",Hamnbokhållare,,Fredrique Holmstedt,1893,1893,Otto V. Nyberg,F1964_1965,,Vadstena,58.4493607,14.89070692,Föreningen Gamla Vadstena,Image;StillImage,image/jpeg,swe,Föreningen Gamla Vadstena,PDM
coll0006,FGV_Visitkort_003B.jpg,,,"Nyberg, Otto V.",Hamnbokhållare,,Fredrique Holmstedt,1893,1893,Otto V. Nyberg,F1964_1965,,Vadstena,58.4493607,14.89070692,Föreningen Gamla Vadstena,Image;StillImage,image/jpeg,swe,Föreningen Gamla Vadstena,PDM
coll0007,FGV_Visitkort_004A.jpg,,,"Odhner, Helga",,,C.H. Gustafsson,,1882,Helga Odhner,F1964_1963,,Vadstena,58.4493607,14.89070692,Föreningen Gamla Vadstena,Image;StillImage,image/jpeg,swe,Föreningen Gamla Vadstena,PDM
coll0008,FGV_Visitkort_004B.jpg,,,"Odhner, Helga",,,C.H. Gustafsson,,1882,Helga Odhner,F1964_1963,,Vadstena,58.4493607,14.89070692,Föreningen Gamla Vadstena,Image;StillImage,image/jpeg,swe,Föreningen Gamla Vadstena,PDM
coll0009,FGV_Visitkort_005A.jpg,,,"Alexandersson, Per",Handlande,,Anders Andersson,,1877,Per Alexandersson,F1964_1973,,Vadstena,58.4493607,14.89070692,Föreningen Gamla Vadstena,Image;StillImage,image/jpeg,swe,Föreningen Gamla Vadstena,PDM
coll0010,FGV_Visitkort_005B.jpg,,,"Alexandersson, Per",Handlande,,Anders Andersson,,1877,Per Alexandersson,F1964_1973,,Vadstena,58.4493607,14.89070692,Föreningen Gamla Vadstena,Image;StillImage,image/jpeg,swe,Föreningen Gamla Vadstena,PDM
coll0011,FGV_Visitkort_006A.jpg,,,"Schönberg, Frans",Vågmästare,-1866,August Kling,,1872,Frans Schönberg,F1964_1976,,Vadstena,58.4493607,14.89070692,Föreningen Gamla Vadstena,Image;StillImage,image/jpeg,swe,Föreningen Gamla Vadstena,PDM
coll0012,FGV_Visitkort_006B.jpg,,,"Schönberg, Frans",Vågmästare,-1866,August Kling,,1872,Frans Schönberg,F1964_1976,,Vadstena,58.4493607,14.89070692,Föreningen Gamla Vadstena,Image;StillImage,image/jpeg,swe,Föreningen Gamla Vadstena,PDM
coll0013,FGV_Visitkort_007A.jpg,,,"Johansson, Klara",,,Maria Tesch,,1875,Klara Johansson,F1964_1473,,Vadstena,58.4493607,14.89070692,Föreningen Gamla Vadstena,Image;StillImage,image/jpeg,swe,Föreningen Gamla Vadstena,PDM
coll0014,FGV_Visitkort_007B.jpg,,,"Johansson, Klara",,,Maria Tesch,,1875,Klara Johansson,F1964_1473,,Vadstena,58.4493607,14.89070692,Föreningen Gamla Vadstena,Image;StillImage,image/jpeg,swe,Föreningen Gamla Vadstena,PDM
coll0015,FGV_Visitkort_008A.jpg,,,"Regnstrand, Olof Oscar",Matentreprenör,,Anders Andersson,,1876,Olof Oscar Regnstrand. Matentreprenör vid Lasarettet.,F1964_1474,,Vadstena,58.4493607,14.89070692,Föreningen Gamla Vadstena,Image;StillImage,image/jpeg,swe,Föreningen Gamla Vadstena,PDM
coll0016,FGV_Visitkort_008B.jpg,,,"Regnstrand, Olof Oscar",Matentreprenör,,Anders Andersson,,1876,Olof Oscar Regnstrand. Matentreprenör vid Lasarettet.,F1964_1474,,Vadstena,58.4493607,14.89070692,Föreningen Gamla Vadstena,Image;StillImage,image/jpeg,swe,Föreningen Gamla Vadstena,PDM
coll0017,FGV_Visitkort_009A.jpg,,,Lagerdal,,,Anders Andersson,,1877,Lagerdal,F1964_1475,,Vadstena,58.4493607,14.89070692,Föreningen Gamla Vadstena,Image;StillImage,image/jpeg,swe,Föreningen Gamla Vadstena,PDM
coll0018,FGV_Visitkort_009B.jpg,,,Lagerdal,,,Anders Andersson,,1877,Lagerdal,F1964_1475,,Vadstena,58.4493607,14.89070692,Föreningen Gamla Vadstena,Image;StillImage,image/jpeg,swe,Föreningen Gamla Vadstena,PDM
coll0019,FGV_Visitkort_010A.jpg,,,"Noren, A.",Boktryckare; Redaktör,,,,1871,A. Noren,F1964_1462,,Vadstena,58.4493607,14.89070692,Föreningen Gamla Vadstena,Image;StillImage,image/jpeg,swe,Föreningen Gamla Vadstena,PDM
coll0020,FGV_Visitkort_010B.jpg,,,"Noren, A.",,,,,1871,A. Noren,F1964_1462,,Vadstena,58.4493607,14.89070692,Föreningen Gamla Vadstena,Image;StillImage,image/jpeg,swe,Föreningen Gamla Vadstena,PDM
coll0021,FGV_Visitkort_011A.jpg,,,"Regnstrand, Ernst Olof",,1838-1875,Anders Andersson,,1874,Ernst Olof Regnstrand,F1964_1461,,Vadstena,58.4493607,14.89070692,Föreningen Gamla Vadstena,Image;StillImage,image/jpeg,swe,Föreningen Gamla Vadstena,PDM
coll0022,FGV_Visitkort_011B.jpg,,,"Regnstrand, Ernst Olof",,1838-1875,Anders Andersson,,1874,Ernst Olof,F1964_1461,,Vadstena,58.4493607,14.89070692,Föreningen Gamla Vadstena,Image;StillImage,image/jpeg,swe,Föreningen Gamla Vadstena,PDM
coll0023,FGV_Visitkort_012A.jpg,,,Rundqvist,Apotekare,,Alfred Vougt,,1872,Rundqvist,F1964_1463,,Vadstena,58.4493607,14.89070692,Föreningen Gamla Vadstena,Image;StillImage,image/jpeg,swe,Föreningen Gamla Vadstena,PDM
coll0024,FGV_Visitkort_012B.jpg,,,Rundqvist,Apotekare,,Alfred Vougt,,1872,Rundqvist,F1964_1463,,Vadstena,58.4493607,14.89070692,Föreningen Gamla Vadstena,Image;StillImage,image/jpeg,swe,Föreningen Gamla Vadstena,PDM
coll0025,FGV_Visitkort_013A.jpg,,,"Holmberg, J.A.",Bankdirektör; Apotekare,,S.L. Rydholm,,1865,J.A. Holmberg,F1964_1464,,Vadstena,58.4493607,14.89070692,Föreningen Gamla Vadstena,Image;StillImage,image/jpeg,swe,Föreningen Gamla Vadstena,PDM
coll0026,FGV_Visitkort_013B.jpg,,,"Holmberg, J.A.",Bankdirektör; Apotekare,,S.L. Rydholm,,1865,J.A. Holmberg,F1964_1464,,Vadstena,58.4493607,14.89070692,Föreningen Gamla Vadstena,Image;StillImage,image/jpeg,swe,Föreningen Gamla Vadstena,PDM
coll0027,FGV_Visitkort_014A.jpg,,,"Björk, Carl Oscar",,,,,1863,Carl Oscar Björk,F1964_1468,,Vadstena,58.4493607,14.89070692,Föreningen Gamla Vadstena,Image;StillImage,image/jpeg,swe,Föreningen Gamla Vadstena,PDM
coll0028,FGV_Visitkort_014B.jpg,,,"Björk, Carl Oscar",,,,,1863,Carl Oscar Björk,F1964_1468,,Vadstena,58.4493607,14.89070692,Föreningen Gamla Vadstena,Image;StillImage,image/jpeg,swe,Föreningen Gamla Vadstena,PDM
coll0029,FGV_Visitkort_015A.jpg,,,Aurell,,,,,1864,Fru Aurell,F1964_1469,,Vadstena,58.4493607,14.89070692,Föreningen Gamla Vadstena,Image;StillImage,image/jpeg,swe,Föreningen Gamla Vadstena,PDM
coll0030,FGV_Visitkort_015B.jpg,,,Aurell,,,,,1864,Fru Aurell,F1964_1469,,Vadstena,58.4493607,14.89070692,Föreningen Gamla Vadstena,Image;StillImage,image/jpeg,swe,Föreningen Gamla Vadstena,PDM
coll0031,FGV_Visitkort_016A.jpg,,,"Ahlstrand, Johan Henrik",,,,,1869,Johan Henrik Ahlstrand,F1964_1470,,Vadstena,58.4493607,14.89070692,Föreningen Gamla Vadstena,Image;StillImage,image/jpeg,swe,Föreningen Gamla Vadstena,PDM
coll0032,FGV_Visitkort_016B.jpg,,,"Ahlstrand, Johan Henrik",,,,,1869,Johan Henrik Ahlstrand,F1964_1470,,Vadstena,58.4493607,14.89070692,Föreningen Gamla Vadstena,Image;StillImage,image/jpeg,swe,Föreningen Gamla Vadstena,PDM
coll0033,FGV_Visitkort_017A.jpg,,,"Alexandersson, Per",Handlande,,,,1872,Per Alexandersson,F1964_1471,,Vadstena,58.4493607,14.89070692,Föreningen Gamla Vadstena,Image;StillImage,image/jpeg,swe,Föreningen Gamla Vadstena,PDM
coll0034,FGV_Visitkort_017B.jpg,,,"Alexandersson, Per",Handlande,,,,1872,Per Alexandersson,F1964_1471,,Vadstena,58.4493607,14.89070692,Föreningen Gamla Vadstena,Image;StillImage,image/jpeg,swe,Föreningen Gamla Vadstena,PDM
coll0035,FGV_Visitkort_018A.jpg,,,"Andersson, Ebba",,,Johan Ahlström,,1878,Ebba Andersson,F1964_1472,,Vadstena,58.4493607,14.89070692,Föreningen Gamla Vadstena,Image;StillImage,image/jpeg,swe,Föreningen Gamla Vadstena,PDM
coll0036,FGV_Visitkort_018B.jpg,,,"Andersson, Ebba",,,Johan Ahlström,,1878,Ebba Andersson,F1964_1472,,Vadstena,58.4493607,14.89070692,Föreningen Gamla Vadstena,Image;StillImage,image/jpeg,swe,Föreningen Gamla Vadstena,PDM
coll0037,FGV_Visitkort_019A.jpg,,,"Alexandersson, Per",Handlande,,Fredrik Borgstedt,,1900,Per Alexandersson,F1964_1975,,Vadstena,58.4493607,14.89070692,Föreningen Gamla Vadstena,Image;StillImage,image/jpeg,swe,Föreningen Gamla Vadstena,PDM
coll0038,FGV_Visitkort_019B.jpg,,,"Alexandersson, Per",Handlande,,Fredrik Borgstedt,,1900,Per Alexandersson,F1964_1975,,Vadstena,58.4493607,14.89070692,Föreningen Gamla Vadstena,Image;StillImage,image/jpeg,swe,Föreningen Gamla Vadstena,PDM
coll0039,FGV_Visitkort_020A.jpg,,,"Alexandersson, Per",Handlande,,Anders Andersson,,1873,Per Alexandersson,F1964_1972,,Vadstena,58.4493607,14.89070692,Föreningen Gamla Vadstena,Image;StillImage,image/jpeg,swe,Föreningen Gamla Vadstena,PDM
coll0040,FGV_Visitkort_020B.jpg,,,"Alexandersson, Per",Handlande,,Anders Andersson,,1873,Per Alexandersson,F1964_1972,,Vadstena,58.4493607,14.89070692,Föreningen Gamla Vadstena,Image;StillImage,image/jpeg,swe,Föreningen Gamla Vadstena,PDM
coll0041,FGV_Visitkort_021A.jpg,,,"Odhner, H.S.",Handlande; Kyrkovärd,,,,1894,H.S. Odhner,F1964_1961,,Vadstena,58.4493607,14.89070692,Föreningen Gamla Vadstena,Image;StillImage,image/jpeg,swe,Föreningen Gamla Vadstena,PDM
coll0042,FGV_Visitkort_021B.jpg,,,"Odhner, H.S.",Handlande; Kyrkovärd,,,,1894,H.S. Odhner,F1964_1961,,Vadstena,58.4493607,14.89070692,Föreningen Gamla Vadstena,Image;StillImage,image/jpeg,swe,Föreningen Gamla Vadstena,PDM
coll0043,FGV_Visitkort_022A.jpg,,,"Odhner, H.S.",Handlande; Kyrkovärd,,,,1868,H.S. Odhner,F1964_1958,,Vadstena,58.4493607,14.89070692,Föreningen Gamla Vadstena,Image;StillImage,image/jpeg,swe,Föreningen Gamla Vadstena,PDM
coll0044,FGV_Visitkort_022B.jpg,,,"Odhner, H.S.",Handlande; Kyrkovärd,,,,1868,H.S. Odhner,F1964_1958,,Vadstena,58.4493607,14.89070692,Föreningen Gamla Vadstena,Image;StillImage,image/jpeg,swe,Föreningen Gamla Vadstena,PDM
coll0045,FGV_Visitkort_023A.jpg,,,"Odhner, H.S.",Handlande; Kyrkovärd,,,,1868,"H.S. Odhner ""med fru f. Holmén"". Eller mor?",F1964_1959,,Vadstena,58.4493607,14.89070692,Föreningen Gamla Vadstena,Image;StillImage,image/jpeg,swe,Föreningen Gamla Vadstena,PDM
coll0046,FGV_Visitkort_023B.jpg,,,"Odhner, H.S.",Handlande; Kyrkovärd,,,,1868,"H.S. Odhner ""med fru f. Holmén"". Eller mor?",F1964_1959,,Vadstena,58.4493607,14.89070692,Föreningen Gamla Vadstena,Image;StillImage,image/jpeg,swe,Föreningen Gamla Vadstena,PDM
coll0047,FGV_Visitkort_023A.jpg,,,"Odhner, f. Holmén",,,,,1868,"H.S. Odhner ""med fru f. Holmén"". Eller mor?",F1964_1959,,Vadstena,58.4493607,14.89070692,Föreningen Gamla Vadstena,Image;StillImage,image/jpeg,swe,Föreningen Gamla Vadstena,PDM
coll0048,FGV_Visitkort_023B.jpg,,,"Odhner, f. Holmén",,,,,1868,"H.S. Odhner ""med fru f. Holmén"". Eller mor?",F1964_1959,,Vadstena,58.4493607,14.89070692,Föreningen Gamla Vadstena,Image;StillImage,image/jpeg,swe,Föreningen Gamla Vadstena,PDM
coll0049,FGV_Visitkort_024A.jpg,,,"Odhner, H.S.",Handlande; Kyrkovärd,,Fredrique Holmstedt,,1894,H.S. Odhner,F1964_1960,,Vadstena,58.4493607,14.89070692,Föreningen Gamla Vadstena,Image;StillImage,image/jpeg,swe,Föreningen Gamla Vadstena,PDM
coll0050,FGV_Visitkort_024B.jpg,,,"Odhner, H.S.",Handlande; Kyrkovärd,,Fredrique Holmstedt,,1894,H.S. Odhner,F1964_1960,,Vadstena,58.4493607,14.89070692,Föreningen Gamla Vadstena,Image;StillImage,image/jpeg,swe,Föreningen Gamla Vadstena,PDM
coll0051,FGV_Visitkort_025A.jpg,,,"Pettersson, Gustaf",Bankvaktmästare,1820-1898,,,1867,Gustaf Pettersson,FF1964_1950,,Vadstena,58.4493607,14.89070692,Föreningen Gamla Vadstena,Image;StillImage,image/jpeg,swe,Föreningen Gamla Vadstena,PDM
coll0052,FGV_Visitkort_025B.jpg,,,"Pettersson, Gustaf",Bankvaktmästare,1820-1898,,,1867,Gustaf Pettersson,F1964_1950,,Vadstena,58.4493607,14.89070692,Föreningen Gamla Vadstena,Image;StillImage,image/jpeg,swe,Föreningen Gamla Vadstena,PDM
coll0053,FGV_Visitkort_026A.jpg,,,"Odhner, H.S.",,,Handlande; Kyrkovärd,,1869,H.S. Odhner,F1964_1957,,Vadstena,58.4493607,14.89070692,Föreningen Gamla Vadstena,Image;StillImage,image/jpeg,swe,Föreningen Gamla Vadstena,PDM
coll0054,FGV_Visitkort_026B.jpg,,,"Odhner, H.S.",,,Handlande; Kyrkovärd,,1869,H.S. Odhner,F1964_1957,,Vadstena,58.4493607,14.89070692,Föreningen Gamla Vadstena,Image;StillImage,image/jpeg,swe,Föreningen Gamla Vadstena,PDM
coll0055,FGV_Visitkort_027A.jpg,,,"Pettersson, Alfred",,,,,1869,Alfred Pettersson,F1964_1952,,Vadstena,58.4493607,14.89070692,Föreningen Gamla Vadstena,Image;StillImage,image/jpeg,swe,Föreningen Gamla Vadstena,PDM
coll0056,FGV_Visitkort_027B.jpg,,,"Pettersson, Alfred",,,,,1869,Alfred Pettersson,F1964_1952,,Vadstena,58.4493607,14.89070692,Föreningen Gamla Vadstena,Image;StillImage,image/jpeg,swe,Föreningen Gamla Vadstena,PDM
coll0057,FGV_Visitkort_028A.jpg,,,"Petersson, Numa",,1837-1902,Mats Hansen,,1874,Numa Wilhelm Peterson var apotekare och affärsman. Han räknas som den svenska filmens första storentreprenör.,F1964_1955,,Vadstena,58.4493607,14.89070692,Föreningen Gamla Vadstena,Image;StillImage,image/jpeg,swe,Föreningen Gamla Vadstena,PDM
coll0058,FGV_Visitkort_028B.jpg,,,"Petersson, Numa",,1837-1902,Mats Hansen,,1874,Numa Wilhelm Peterson var apotekare och affärsman. Han räknas som den svenska filmens första storentreprenör.,F1964_1955,,Vadstena,58.4493607,14.89070692,Föreningen Gamla Vadstena,Image;StillImage,image/jpeg,swe,Föreningen Gamla Vadstena,PDM
coll0059,FGV_Visitkort_029A.jpg,,,"Pettersson, Alfred",,,Anders Andersson,,1874,Alfred Pettersson,F1964_1953,,Vadstena,58.4493607,14.89070692,Föreningen Gamla Vadstena,Image;StillImage,image/jpeg,swe,Föreningen Gamla Vadstena,PDM
coll0060,FGV_Visitkort_029B.jpg,,,"Pettersson, Alfred",,,Anders Andersson,,1874,Alfred Pettersson,F1964_1953,,Vadstena,58.4493607,14.89070692,Föreningen Gamla Vadstena,Image;StillImage,image/jpeg,swe,Föreningen Gamla Vadstena,PDM
coll0061,FGV_Visitkort_030A.jpg,,,"Ström, Mimmi",,,,,1866,Fru Mimmi Ström f. Regnstrand,F1964_1982,,Vadstena,58.4493607,14.89070692,Föreningen Gamla Vadstena,Image;StillImage,image/jpeg,swe,Föreningen Gamla Vadstena,PDM
coll0062,FGV_Visitkort_030B.jpg,,,"Ström, Mimmi",,,,,1866,Fru Mimmi Ström f. Regnstrand,F1964_1982,,Vadstena,58.4493607,14.89070692,Föreningen Gamla Vadstena,Image;StillImage,image/jpeg,swe,Föreningen Gamla Vadstena,PDM
coll0063,FGV_Visitkort_031A.jpg,,,"Ullstedt, Eva",Sjuksköterska,,Fredrique Holmstedt,,1894,Eva Ullstedt,F1964_1995,,Vadstena,58.4493607,14.89070692,Föreningen Gamla Vadstena,Image;StillImage,image/jpeg,swe,Föreningen Gamla Vadstena,PDM
coll0064,FGV_Visitkort_031B.jpg,,,"Ullstedt, Eva",Sjuksköterska,,Fredrique Holmstedt,,1894,Eva Ullstedt,F1964_1995,,Vadstena,58.4493607,14.89070692,Föreningen Gamla Vadstena,Image;StillImage,image/jpeg,swe,Föreningen Gamla Vadstena,PDM
coll0065,FGV_Visitkort_032A.jpg,,,"Toll, Svante Josef",Löjtnant; Gymnastiklärare,1837-1903,,,1865,Svante Josef Toll. Gymnastiklärare vid Wadstena läroverk från 1888.,F1964_1997,,Vadstena,58.4493607,14.89070692,Föreningen Gamla Vadstena,Image;StillImage,image/jpeg,swe,Föreningen Gamla Vadstena,PDM
coll0066,FGV_Visitkort_032B.jpg,,,"Toll, Svante Josef",Löjtnant; Gymnastiklärare,1837-1903,,,1865,Svante Josef Toll. Gymnastiklärare vid Wadstena läroverk från 1888.,F1964_1997,,Vadstena,58.4493607,14.89070692,Föreningen Gamla Vadstena,Image;StillImage,image/jpeg,swe,Föreningen Gamla Vadstena,PDM
coll0067,FGV_Visitkort_033A.jpg,,,"Ulander, Frans",Garvare,,,,1870,Frans Ulander,F1964_1996,,Vadstena,58.4493607,14.89070692,Föreningen Gamla Vadstena,Image;StillImage,image/jpeg,swe,Föreningen Gamla Vadstena,PDM
coll0068,FGV_Visitkort_033B.jpg,,,"Ulander, Frans",Garvare,,,,1870,Frans Ulander,F1964_1996,,Vadstena,58.4493607,14.89070692,Föreningen Gamla Vadstena,Image;StillImage,image/jpeg,swe,Föreningen Gamla Vadstena,PDM
coll0069,FGV_Visitkort_034A.jpg,,,"Odhner, Ebba",,,Swen Swenssson,,1895,Frk. Ebba Odhner,F1964_1964,,Vadstena,58.4493607,14.89070692,Föreningen Gamla Vadstena,Image;StillImage,image/jpeg,swe,Föreningen Gamla Vadstena,PDM
coll0070,FGV_Visitkort_034B.jpg,,,"Odhner, Ebba",,,Swen Swenssson,,1895,Frk. Ebba Odhner,F1964_1964,,Vadstena,58.4493607,14.89070692,Föreningen Gamla Vadstena,Image;StillImage,image/jpeg,swe,Föreningen Gamla Vadstena,PDM
coll0071,FGV_Visitkort_035A.jpg,,,"Alexandersson, Per",Handlande,,,,1873,Per Alexandersson,F1964_1974,,Vadstena,58.4493607,14.89070692,Föreningen Gamla Vadstena,Image;StillImage,image/jpeg,swe,Föreningen Gamla Vadstena,PDM
coll0072,FGV_Visitkort_035B.jpg,,,"Alexandersson, Per",Handlande,,,,1873,Per Alexandersson,F1964_1974,,Vadstena,58.4493607,14.89070692,Föreningen Gamla Vadstena,Image;StillImage,image/jpeg,swe,Föreningen Gamla Vadstena,PDM
coll0073,FGV_Visitkort_036A.jpg,,,"Johansson, Matilda",Barnmorska,,Fredrique Holmstedt,,1897,Matilda Johansson. Barnmorska. EHJ s. 274. Tidigt änka. Dottern Alma privatlärarinna.,F1964_1977,,Vadstena,58.4493607,14.89070692,Föreningen Gamla Vadstena,Image;StillImage,image/jpeg,swe,Föreningen Gamla Vadstena,PDM
coll0074,FGV_Visitkort_036B.jpg,,,"Johansson, Matilda",Barnmorska,,Fredrique Holmstedt,,1897,Matilda Johansson. Barnmorska. EHJ s. 274. Tidigt änka. Dottern Alma privatlärarinna.,F1964_1977,,Vadstena,58.4493607,14.89070692,Föreningen Gamla Vadstena,Image;StillImage,image/jpeg,swe,Föreningen Gamla Vadstena,PDM
coll0075,FGV_Visitkort_037A.jpg,,,"Odhner, Maria",,,Anders Andersson,,1877,Maria Odhner,F1964_1962,,Vadstena,58.4493607,14.89070692,Föreningen Gamla Vadstena,Image;StillImage,image/jpeg,swe,Föreningen Gamla Vadstena,PDM
coll0076,FGV_Visitkort_037B.jpg,,,"Odhner, Maria",,,Anders Andersson,,1877,Maria Odhner,F1964_1962,,Vadstena,58.4493607,14.89070692,Föreningen Gamla Vadstena,Image;StillImage,image/jpeg,swe,Föreningen Gamla Vadstena,PDM
coll0077,FGV_Visitkort_038A.jpg,,,"Ström, Hjalmar",,,Anders Andersson,,1874,Signe Ström. Modern född Regnstrand.,F1964_1984,,Vadstena,58.4493607,14.89070692,Föreningen Gamla Vadstena,Image;StillImage,image/jpeg,swe,Föreningen Gamla Vadstena,PDM
coll0078,FGV_Visitkort_038B.jpg,,,"Ström, Signe",,,Anders Andersson,,1874,Signe Ström. Modern född Regnstrand.,F1964_1984,,Vadstena,58.4493607,14.89070692,Föreningen Gamla Vadstena,Image;StillImage,image/jpeg,swe,Föreningen Gamla Vadstena,PDM
coll0079,FGV_Visitkort_039A.jpg,,,"Ström, Hjalmar",,,Anders Andersson,,1874,Hjalmar Ström,F1964_1985,,Vadstena,58.4493607,14.89070692,Föreningen Gamla Vadstena,Image;StillImage,image/jpeg,swe,Föreningen Gamla Vadstena,PDM
coll0080,FGV_Visitkort_039B.jpg,,,"Ström, Hjalmar",,,Anders Andersson,,1874,Hjalmar Ström,F1964_1985,,Vadstena,58.4493607,14.89070692,Föreningen Gamla Vadstena,Image;StillImage,image/jpeg,swe,Föreningen Gamla Vadstena,PDM
coll0081,FGV_Visitkort_040A.jpg,,,"Ström, Elsa",,,John Wallgren,,1895,Elsa Ström,F1964_1986,,Vadstena,58.4493607,14.89070692,Föreningen Gamla Vadstena,Image;StillImage,image/jpeg,swe,Föreningen Gamla Vadstena,PDM
coll0082,FGV_Visitkort_040B.jpg,,,"Ström, Elsa",,,John Wallgren,,1895,Elsa Ström,F1964_1986,,Vadstena,58.4493607,14.89070692,Föreningen Gamla Vadstena,Image;StillImage,image/jpeg,swe,Föreningen Gamla Vadstena,PDM
coll0083,FGV_Visitkort_041A.jpg,,,"Wong, Alfred",Telegrafkommissarie,1823-1878,,,1870,Alfred Wong,F1964_1988,,Vadstena,58.4493607,14.89070692,Föreningen Gamla Vadstena,Image;StillImage,image/jpeg,swe,Föreningen Gamla Vadstena,PDM
coll0084,FGV_Visitkort_041B.jpg,,,"Wong, Alfred",Telegrafkommissarie,1823-1878,,,1870,Alfred Wong,F1964_1988,,Vadstena,58.4493607,14.89070692,Föreningen Gamla Vadstena,Image;StillImage,image/jpeg,swe,Föreningen Gamla Vadstena,PDM
coll0085,FGV_Visitkort_042A.jpg,,,"Wong, fru",,,,,1870,Fru Wong,F1964_1989,,Vadstena,58.4493607,14.89070692,Föreningen Gamla Vadstena,Image;StillImage,image/jpeg,swe,Föreningen Gamla Vadstena,PDM
coll0086,FGV_Visitkort_042B.jpg,,,"Wong, fru",,,,,1870,Fru Wong,F1964_1989,,Vadstena,58.4493607,14.89070692,Föreningen Gamla Vadstena,Image;StillImage,image/jpeg,swe,Föreningen Gamla Vadstena,PDM
coll0087,FGV_Visitkort_043A.jpg,,,"Wong, Helge",,,Alfred Vougt,,1874,Helge Wong,F1964_1991,,Vadstena,58.4493607,14.89070692,Föreningen Gamla Vadstena,Image;StillImage,image/jpeg,swe,Föreningen Gamla Vadstena,PDM
coll0088,FGV_Visitkort_043B.jpg,,,"Wong, Helge",,,Alfred Vougt,,1874,Helge Wong,F1964_1991,,Vadstena,58.4493607,14.89070692,Föreningen Gamla Vadstena,Image;StillImage,image/jpeg,swe,Föreningen Gamla Vadstena,PDM
coll0089,FGV_Visitkort_044A.jpg,,,"Wong, Anna",,,Anders Andersson,,1874,Frk. Anna Wong,F1964_1990,,Vadstena,58.4493607,14.89070692,Föreningen Gamla Vadstena,Image;StillImage,image/jpeg,swe,Föreningen Gamla Vadstena,PDM
coll0090,FGV_Visitkort_044B.jpg,,,"Wong, Anna",,,Anders Andersson,,1874,Frk. Anna Wong,F1964_1990,,Vadstena,58.4493607,14.89070692,Föreningen Gamla Vadstena,Image;StillImage,image/jpeg,swe,Föreningen Gamla Vadstena,PDM
coll0091,FGV_Visitkort_045A.jpg,,,"Ström, Elsa",,,Fredrique Holmstedt,,1898,Elsa Ström. Dotter till köpman Ström och Mimmi Regnstrand,F1964_1987,,Vadstena,58.4493607,14.89070692,Föreningen Gamla Vadstena,Image;StillImage,image/jpeg,swe,Föreningen Gamla Vadstena,PDM
coll0092,FGV_Visitkort_045B.jpg,,,"Ström, Elsa",,,Fredrique Holmstedt,,1898,Elsa Ström. Dotter till köpman Ström och Mimmi Regnstrand,F1964_1987,,Vadstena,58.4493607,14.89070692,Föreningen Gamla Vadstena,Image;StillImage,image/jpeg,swe,Föreningen Gamla Vadstena,PDM
coll0093,FGV_Visitkort_046A.jpg,,,"Petersson, Gustaf R.",Redaktör,,Alfred Dahllöf,,1895,Gustaf R. Petersson,F1964_1956,,Vadstena,58.4493607,14.89070692,Föreningen Gamla Vadstena,Image;StillImage,image/jpeg,swe,Föreningen Gamla Vadstena,PDM
coll0094,FGV_Visitkort_046B.jpg,,,"Petersson, Gustaf R.",Redaktör,,Alfred Dahllöf,,1895,Gustaf R. Petersson,F1964_1956,,Vadstena,58.4493607,14.89070692,Föreningen Gamla Vadstena,Image;StillImage,image/jpeg,swe,Föreningen Gamla Vadstena,PDM
coll0095,FGV_Visitkort_047A.jpg,,,"Odhner, Ebba",,,C.H. Gustafsson,,1882,Ebba Odhner och Signe Nohrman,F1964_1966,,Vadstena,58.4493607,14.89070692,Föreningen Gamla Vadstena,Image;StillImage,image/jpeg,swe,Föreningen Gamla Vadstena,PDM
coll0096,FGV_Visitkort_047B.jpg,,,"Odhner, Ebba",,,C.H. Gustafsson,,1882,Ebba Odhner och Signe Nohrman,F1964_1966,,Vadstena,58.4493607,14.89070692,Föreningen Gamla Vadstena,Image;StillImage,image/jpeg,swe,Föreningen Gamla Vadstena,PDM
coll0097,FGV_Visitkort_047A.jpg,,,"Nohrman, Signe",,,C.H. Gustafsson,,1882,Ebba Odhner och Signe Nohrman,F1964_1966,,Vadstena,58.4493607,14.89070692,Föreningen Gamla Vadstena,Image;StillImage,image/jpeg,swe,Föreningen Gamla Vadstena,PDM
coll0098,FGV_Visitkort_047B.jpg,,,"Nohrman, Signe",,,C.H. Gustafsson,,1882,Ebba Odhner och Signe Nohrman,F1964_1966,,Vadstena,58.4493607,14.89070692,Föreningen Gamla Vadstena,Image;StillImage,image/jpeg,swe,Föreningen Gamla Vadstena,PDM
coll0099,FGV_Visitkort_048A.jpg,,,"Wirén, Agnes",Handelsidkerska,1848-,Anders Andersson,,1879,Frk. Agnes Wirén,F1964_1992,,Vadstena,58.4493607,14.89070692,Föreningen Gamla Vadstena,Image;StillImage,image/jpeg,swe,Föreningen Gamla Vadstena,PDM
coll0100,FGV_Visitkort_048B.jpg,,,"Wirén, Agnes",Handelsidkerska,1848-,Anders Andersson,,1879,Frk. Agnes Wirén,F1964_1993,,Vadstena,58.4493607,14.89070692,Föreningen Gamla Vadstena,Image;StillImage,image/jpeg,swe,Föreningen Gamla Vadstena,PDM
coll0101,FGV_Visitkort_049A.jpg,,,"Wirén, Agnes",Affärsinnehavare,,,,1897,Agnes Wirén,F1964_1993,,Vadstena,58.4493607,14.89070692,Föreningen Gamla Vadstena,Image;StillImage,image/jpeg,swe,Föreningen Gamla Vadstena,PDM
coll0102,FGV_Visitkort_049B.jpg,,,"Wirén, Agnes",Affärsinnehavare,,,,1897,Agnes Wirén,F1964_1993,,Vadstena,58.4493607,14.89070692,Föreningen Gamla Vadstena,Image;StillImage,image/jpeg,swe,Föreningen Gamla Vadstena,PDM
coll0103,FGV_Visitkort_050A.jpg,,,"Wirén, C.J.",Målare,,,,1870,C.J. Wirén,Saknas,,Vadstena,58.4493607,14.89070692,Föreningen Gamla Vadstena,Image;StillImage,image/jpeg,swe,Föreningen Gamla Vadstena,PDM
coll0104,FGV_Visitkort_050B.jpg,,,"Wirén, C.J.",Målare,,,,1870,C.J. Wirén,Saknas,,Vadstena,58.4493607,14.89070692,Föreningen Gamla Vadstena,Image;StillImage,image/jpeg,swe,Föreningen Gamla Vadstena,PDM
coll0105,FGV_Visitkort_051A.jpg,,,"Högstedt, Hanna",Handelsidkerska,,Fredrique Holmstedt,,1896,"Hanna Högstedt, f. Petersson. Föreståndare för Vadstenaboden på Regeringsg. 22 i Stockholm, som sålde linne och spetsar.",F1964_1951,,Vadstena,58.4493607,14.89070692,Föreningen Gamla Vadstena,Image;StillImage,image/jpeg,swe,Föreningen Gamla Vadstena,PDM
coll0106,FGV_Visitkort_051B.jpg,,,"Högstedt, Hanna",Handelsidkerska,,Fredrique Holmstedt,,1896,"Hanna Högstedt, f. Petersson. Föreståndare för Vadstenaboden på Regeringsg. 22 i Stockholm, som sålde linne och spetsar.",F1964_1951,,Vadstena,58.4493607,14.89070692,Föreningen Gamla Vadstena,Image;StillImage,image/jpeg,swe,Föreningen Gamla Vadstena,PDM
coll0107,FGV_Visitkort_052A.jpg,,,"Petterson, Hanna",Fläskhandlerska,,Swen Swensson,,1895,Hanna? Petterson. Fläskhandlerska på Skänningegatan 29. ,F1964_1954,,Vadstena,58.4493607,14.89070692,Föreningen Gamla Vadstena,Image;StillImage,image/jpeg,swe,Föreningen Gamla Vadstena,PDM
coll0108,FGV_Visitkort_052B.jpg,,,"Petterson, Hanna",Fläskhandlerska,,Swen Swensson,,1895,Hanna? Petterson. Fläskhandlerska på Skänningegatan 29. ,F1964_1954,,Vadstena,58.4493607,14.89070692,Föreningen Gamla Vadstena,Image;StillImage,image/jpeg,swe,Föreningen Gamla Vadstena,PDM
coll0109,FGV_Visitkort_053A.jpg,,,"Ström, Carl August",Handlande,,Anders Andersson,,1879,Carl August Ström,F1964_1978,,Vadstena,58.4493607,14.89070692,Föreningen Gamla Vadstena,Image;StillImage,image/jpeg,swe,Föreningen Gamla Vadstena,PDM
coll0110,FGV_Visitkort_053B.jpg,,,"Ström, Carl August",Handlande,,Anders Andersson,,1879,Carl August Ström,F1964_1978,,Vadstena,58.4493607,14.89070692,Föreningen Gamla Vadstena,Image;StillImage,image/jpeg,swe,Föreningen Gamla Vadstena,PDM
coll0111,FGV_Visitkort_054A.jpg,,,"Ström, Carl August",Handlande,,P.M. Lindstedt,,1869,Carl August Ström,F1964_1979,,Vadstena,58.4493607,14.89070692,Föreningen Gamla Vadstena,Image;StillImage,image/jpeg,swe,Föreningen Gamla Vadstena,PDM
coll0112,FGV_Visitkort_054B.jpg,,,"Ström, Carl August",Handlande,,P.M. Lindstedt,,1869,Carl August Ström,F1964_1978,,Vadstena,58.4493607,14.89070692,Föreningen Gamla Vadstena,Image;StillImage,image/jpeg,swe,Föreningen Gamla Vadstena,PDM
coll0113,FGV_Visitkort_055A.jpg,,,"Ström, Carl August",,,Svante Leonard Rydholm,,1864,Carl August Ström,F1964_1980,,Vadstena,58.4493607,14.89070692,Föreningen Gamla Vadstena,Image;StillImage,image/jpeg,swe,Föreningen Gamla Vadstena,PDM
coll0114,FGV_Visitkort_055B.jpg,,,"Ström, Carl August",,,Svante Leonard Rydholm,,1864,Carl August Ström,F1964_1980,,Vadstena,58.4493607,14.89070692,Föreningen Gamla Vadstena,Image;StillImage,image/jpeg,swe,Föreningen Gamla Vadstena,PDM
coll0115,FGV_Visitkort_056A.jpg,,,"Ström, Mimmi",,,N.B. Ögren,,1874,Fru Mimmi Ström f. Regnstrand,F1964_1981,,Vadstena,58.4493607,14.89070692,Föreningen Gamla Vadstena,Image;StillImage,image/jpeg,swe,Föreningen Gamla Vadstena,PDM
coll0116,FGV_Visitkort_056B.jpg,,,"Ström, Mimmi",,,N.B. Ögren,,1874,Fru Mimmi Ström f. Regnstrand,F1964_1981,,Vadstena,58.4493607,14.89070692,Föreningen Gamla Vadstena,Image;StillImage,image/jpeg,swe,Föreningen Gamla Vadstena,PDM
coll0117,FGV_Visitkort_057A.jpg,,,"Ström, Carl",,,C.H. Gustafsson,,1884,Carl Ström,F1964_1983,,Vadstena,58.4493607,14.89070692,Föreningen Gamla Vadstena,Image;StillImage,image/jpeg,swe,Föreningen Gamla Vadstena,PDM
coll0118,FGV_Visitkort_057B.jpg,,,"Ström, Carl",,,C.H. Gustafsson,,1884,Carl Ström,F1964_1983,,Vadstena,58.4493607,14.89070692,Föreningen Gamla Vadstena,Image;StillImage,image/jpeg,swe,Föreningen Gamla Vadstena,PDM
coll0119,FGV_Visitkort_058A.jpg,,,"Toll, Svante Josef",Löjtnant; Gymnastiklärare,1837-1903,,,1870,Svante Josef Toll. Gymnastiklärare vid Wadstena läroverk från 1888.,F1964_1998,,Vadstena,58.4493607,14.89070692,Föreningen Gamla Vadstena,Image;StillImage,image/jpeg,swe,Föreningen Gamla Vadstena,PDM
coll0120,FGV_Visitkort_058B.jpg,,,"Toll, Svante Josef",Löjtnant; Gymnastiklärare,1837-1903,,,1870,Svante Josef Toll. Gymnastiklärare vid Wadstena läroverk från 1888.,F1964_1998,,Vadstena,58.4493607,14.89070692,Föreningen Gamla Vadstena,Image;StillImage,image/jpeg,swe,Föreningen Gamla Vadstena,PDM
coll0121,FGV_Visitkort_059A.jpg,,,"Andersson, Fredrique",Hotellföreståndare,,Swen Swensson,,1896,Fredrique Andersson,F1964_1481,,Vadstena,58.4493607,14.89070692,Föreningen Gamla Vadstena,Image;StillImage,image/jpeg,swe,Föreningen Gamla Vadstena,PDM
coll0122,FGV_Visitkort_059B.jpg,,,"Andersson, Fredrique",Hotellföreståndare,,Swen Swensson,,1896,Fredrique Andersson,F1964_1481,,Vadstena,58.4493607,14.89070692,Föreningen Gamla Vadstena,Image;StillImage,image/jpeg,swe,Föreningen Gamla Vadstena,PDM
coll0123,FGV_Visitkort_060A.jpg,,,"Ringqvist, Amalia",Postexpeditör,,Swen Swensson,,1898,"Amalia Ringqvist, f. Pihlström. Postexpeditör 1875-1899",F1964_1482,,Vadstena,58.4493607,14.89070692,Föreningen Gamla Vadstena,Image;StillImage,image/jpeg,swe,Föreningen Gamla Vadstena,PDM
coll0124,FGV_Visitkort_060B.jpg,,,"Ringqvist, Amalia",Postexpeditör,,Swen Swensson,,1898,"Amalia Ringqvist, f. Pihlström. Postexpeditör 1875-1899",F1964_1482,,Vadstena,58.4493607,14.89070692,Föreningen Gamla Vadstena,Image;StillImage,image/jpeg,swe,Föreningen Gamla Vadstena,PDM
coll0125,FGV_Visitkort_061A.jpg,,,"Björlingsson, Knut",,1873-,August Roesler,,1884,Knut Björlingsson,F1964_1483,,Vadstena,58.4493607,14.89070692,Föreningen Gamla Vadstena,Image;StillImage,image/jpeg,swe,Föreningen Gamla Vadstena,PDM
coll0126,FGV_Visitkort_061B.jpg,,,"Björlingsson, Knut",,1873-,August Roesler,,1884,Knut Björlingsson,F1964_1483,,Vadstena,58.4493607,14.89070692,Föreningen Gamla Vadstena,Image;StillImage,image/jpeg,swe,Föreningen Gamla Vadstena,PDM
coll0127,FGV_Visitkort_062A.jpg,,,"Holm, Ida",,,Klemmings Atelier,1915,1915,"Ida och Hilding Holm. Paret som fick varandra på gamla dagar. De bodde i ""Holmska villan"", som Hilding byggt.",F1964_1484,,Vadstena,58.4493607,14.89070692,Föreningen Gamla Vadstena,Image;StillImage,image/jpeg,swe,Föreningen Gamla Vadstena,PDM
coll0128,FGV_Visitkort_062B.jpg,,,"Holm, Ida",,,Klemmings Atelier,1915,1915,"Ida och Hilding Holm. Paret som fick varandra på gamla dagar. De bodde i ""Holmska villan"", som Hilding byggt.",F1964_1484,,Vadstena,58.4493607,14.89070692,Föreningen Gamla Vadstena,Image;StillImage,image/jpeg,swe,Föreningen Gamla Vadstena,PDM
coll0129,FGV_Visitkort_062A.jpg,,,"Holm, Hilding",,,Klemmings Atelier,1915,1915,"Ida och Hilding Holm. Paret som fick varandra på gamla dagar. De bodde i ""Holmska villan"", som Hilding byggt.",F1964_1484,,Vadstena,58.4493607,14.89070692,Föreningen Gamla Vadstena,Image;StillImage,image/jpeg,swe,Föreningen Gamla Vadstena,PDM
coll0130,FGV_Visitkort_062B.jpg,,,"Holm, Hilding",,,Klemmings Atelier,1915,1915,"Ida och Hilding Holm. Paret som fick varandra på gamla dagar. De bodde i ""Holmska villan"", som Hilding byggt.",F1964_1484,,Vadstena,58.4493607,14.89070692,Föreningen Gamla Vadstena,Image;StillImage,image/jpeg,swe,Föreningen Gamla Vadstena,PDM
coll0131,FGV_Visitkort_063A.jpg,,,"Götlin, Gustaf V.",Överläkare,,Fredrique Holmstedt,,1896,"Gustaf V. Götlin, överläkare vid Vadstena Hospital",F1964_1485,,Vadstena,58.4493607,14.89070692,Föreningen Gamla Vadstena,Image;StillImage,image/jpeg,swe,Föreningen Gamla Vadstena,PDM
coll0132,FGV_Visitkort_063B.jpg,,,"Götlin, Gustaf V.",Överläkare,,Fredrique Holmstedt,,1896,"Gustaf V. Götlin, överläkare vid Vadstena Hospital",F1964_1485,,Vadstena,58.4493607,14.89070692,Föreningen Gamla Vadstena,Image;StillImage,image/jpeg,swe,Föreningen Gamla Vadstena,PDM
coll0133,FGV_Visitkort_064A.jpg,,,"Nehrman, Johan Herman",Målarmästare; Teckningslärare,,Fredrique Holmstedt,1895,1895,Johan Herman Nerman,F1964_1486,,Vadstena,58.4493607,14.89070692,Föreningen Gamla Vadstena,Image;StillImage,image/jpeg,swe,Föreningen Gamla Vadstena,PDM
coll0134,FGV_Visitkort_064A.jpg,,,"Nehrman, Johan Herman",Målarmästare; Teckningslärare,,Fredrique Holmstedt,1895,1895,Johan Herman Nerman,F1964_1486,,Vadstena,58.4493607,14.89070692,Föreningen Gamla Vadstena,Image;StillImage,image/jpeg,swe,Föreningen Gamla Vadstena,PDM
coll0135,FGV_Visitkort_065A.jpg,,,"Nordsten, J.A.",Handlande; Rådman,,A. Jonsson,,1872,J.A. Nordsten,F1964_1487,,Vadstena,58.4493607,14.89070692,Föreningen Gamla Vadstena,Image;StillImage,image/jpeg,swe,Föreningen Gamla Vadstena,PDM
coll0136,FGV_Visitkort_065B.jpg,,,"Nordsten, J.A.",Handlande; Rådman,,A. Jonsson,,1872,J.A. Nordsten,F1964_1487,,Vadstena,58.4493607,14.89070692,Föreningen Gamla Vadstena,Image;StillImage,image/jpeg,swe,Föreningen Gamla Vadstena,PDM
coll0137,FGV_Visitkort_066A.jpg,,,"Fjetterström, Gustaf",Landsarkivarie,1877-,Fredrik Borgstedt,1903,,Gustaf Fjetterström. Amanuens vid Vadstena Landsarkiv från 1901. Påskriftens årtal för tidigt.,F1964_1488,,Vadstena,58.4493607,14.89070692,Föreningen Gamla Vadstena,Image;StillImage,image/jpeg,swe,Föreningen Gamla Vadstena,PDM
coll0138,FGV_Visitkort_066B.jpg,,,"Fjetterström, Gustaf",Landsarkivarie,1877-,Fredrik Borgstedt,1903,,Gustaf Fjetterström. Amanuens vid Vadstena Landsarkiv från 1901. Påskriftens årtal för tidigt.,F1964_1488,,Vadstena,58.4493607,14.89070692,Föreningen Gamla Vadstena,Image;StillImage,image/jpeg,swe,Föreningen Gamla Vadstena,PDM
coll0139,FGV_Visitkort_067A.jpg,,,Petterson,Gästgivare,,,1868,,"Petterson, gästgivare",F1964_1489,,Vadstena,58.4493607,14.89070692,Föreningen Gamla Vadstena,Image;StillImage,image/jpeg,swe,Föreningen Gamla Vadstena,PDM
coll0140,FGV_Visitkort_067B.jpg,,,Petterson,Gästgivare,,,1868,,"Petterson, gästgivare",F1964_1489,,Vadstena,58.4493607,14.89070692,Föreningen Gamla Vadstena,Image;StillImage,image/jpeg,swe,Föreningen Gamla Vadstena,PDM
coll0141,FGV_Visitkort_068A.jpg,,,"Holmstedt, Fredrika Bernhardina",Fotograf,1865-1922,Fredrique Holmstedt,1894,,Fredrika Bernhardina Holmstedt hade Fotoatelier i Vadstena 1893-1898 under namnet Fredrique Holmstedt. Porträtt av sig själv.,F1964_1490,,Vadstena,58.4493607,14.89070692,Föreningen Gamla Vadstena,Image;StillImage,image/jpeg,swe,Föreningen Gamla Vadstena,PDM
coll0142,FGV_Visitkort_068B.jpg,,,"Holmstedt, Fredrika Bernhardina",Fotograf,1865-1922,Fredrique Holmstedt,1894,,Fredrika Bernhardina Holmstedt hade Fotoatelier i Vadstena 1893-1898 under namnet Fredrique Holmstedt. Porträtt av sig själv.,F1964_1490,,Vadstena,58.4493607,14.89070692,Föreningen Gamla Vadstena,Image;StillImage,image/jpeg,swe,Föreningen Gamla Vadstena,PDM